﻿[{
	"ActionKey":"a",
	"AudGroup":"23123PC",
	"AuditStatus":"08",
	"Autho": false,
	"DateRepIssued":"20140101232856",
	"Deadline":"20131021",
	"DepartmentName":"09-Macaco",
	"FindingId":"2018-0029_F01",
	"FindingTitle":"Oferta 2x1",
	"Fullname":"Daniel Espinosa",
	"GroupText":"09423 - Negocios de Empresas y CIB",
	"Id":"2018-0029_F01-A01",
	"InfoActionDetail": {"uri":""},
	"Milestone":"Recomendación: Elaborar en coordinación con Soporte Operativo",
	"NameOrg":"0000109538 CIB AND INTERNATIONAL BANKING",
	"Overdue":false,
	"ProDeadline":"",
	"ProStatus":"",
	"ProStatusDescr":"",
	"Ranking":"4",
	"RankingDescr":"Bajo",
	"Recommendation":"N/A-migración",
	"Status":"02",
	"StatusDescr":"Finalizado",
	"Title":"Recomendación 01",
	"Userid":"U0137873",
	"Validated":"04",
	"ValidatedDescr":"Pendiente Auditor",
	"Verified":"01",
	"ZzAnOrg":"0000109538",
	"ZzDepartment":"09423",
	"ZzOrigen":"",
	"ZzReportId":"AB71509538",
	"ZzReportTitle":"Revisión del proceso de concesión de los Project Finance",
	"ZzViewAudited":false,
	"ZzViewAuditor":true
}
]
