﻿[{
	"ActionKey":"a",
	"ZzOrigen":"a",
	"ProStatus":"a",
	"Recommendation":"a",
	"Userid":"a",
	"ValidatedDescr":"a",
	"ZzReportTitle":"a",
	"AudGroup":"a",
	"Fullname":"a",
	"ProDeadline":"a",
	"AuditStatus":"a",
	"Validated":"a",
	"DateRepIssued":"a",
	"Deadline":"a",
	"DepartmentName":"a",
	"FindingId":"a",
	"FindingTitle":"a",
	"GroupText":"a",
	"Id":"a",
	"Milestone":"a",
	"NameOrg":"a",
	"Ranking":"a",
	"RankingDescr":"a",
	"Status":"a",
	"StatusDescr":"a",
	"Theme":"a",
	"ThemeId":"a",
	"Title":"a",
	"ZzAnOrg":"a",
	"ZzDepartment":"a",
	"ZzReportId":"a"
}
]