{
	"_version": "1.1.0",
	"resources": [
		{
			"name": "Component-dbg.js",
			"module": "sap/grc/acs/aud/audit/initiate/extended/Component.js",
			"isDebug": true,
			"required": [
				"sap/grc/acs/aud/audit/app/Component.js",
				"sap/ui/Device.js",
				"sap/ui/core/UIComponent.js"
			]
		},
		
		
		{
			"name": "Component.js",
			"module": "sap/grc/acs/aud/audit/initiate/extended/Component.js",
			"required": [
				"sap/grc/acs/aud/audit/app/Component.js",
				"sap/ui/Device.js",
				"sap/ui/core/UIComponent.js"
			]
		},
		{
			"name": "i18n/i18n.properties",
			"module": "sap/grc/acs/aud/audit/initiate/extended/i18n/i18n.properties",
			"locale": "",
			"raw": "i18n/i18n.properties"
		},
		{
			"name": "i18n/i18n_ar.properties",
			"module": "sap/grc/acs/aud/audit/initiate/extended/i18n/i18n_ar.properties",
			"locale": "ar",
			"raw": "i18n/i18n.properties"
		},
		{
			"name": "i18n/i18n_cs.properties",
			"module": "sap/grc/acs/aud/audit/initiate/extended/i18n/i18n_cs.properties",
			"locale": "cs",
			"raw": "i18n/i18n.properties"
		},
		{
			"name": "i18n/i18n_de.properties",
			"module": "sap/grc/acs/aud/audit/initiate/extended/i18n/i18n_de.properties",
			"locale": "de",
			"raw": "i18n/i18n.properties"
		},
		{
			"name": "i18n/i18n_en.properties",
			"module": "sap/grc/acs/aud/audit/initiate/extended/i18n/i18n_en.properties",
			"locale": "en",
			"raw": "i18n/i18n.properties"
		},
		{
			"name": "i18n/i18n_en_US_sappsd.properties",
			"module": "sap/grc/acs/aud/audit/initiate/extended/i18n/i18n_en_US_sappsd.properties",
			"locale": "en_US_sappsd",
			"raw": "i18n/i18n.properties"
		},
		{
			"name": "i18n/i18n_en_US_saptrc.properties",
			"module": "sap/grc/acs/aud/audit/initiate/extended/i18n/i18n_en_US_saptrc.properties",
			"locale": "en_US_saptrc",
			"raw": "i18n/i18n.properties"
		},
		{
			"name": "i18n/i18n_es.properties",
			"module": "sap/grc/acs/aud/audit/initiate/extended/i18n/i18n_es.properties",
			"locale": "es",
			"raw": "i18n/i18n.properties"
		},
		{
			"name": "i18n/i18n_fr.properties",
			"module": "sap/grc/acs/aud/audit/initiate/extended/i18n/i18n_fr.properties",
			"locale": "fr",
			"raw": "i18n/i18n.properties"
		},
		{
			"name": "i18n/i18n_hu.properties",
			"module": "sap/grc/acs/aud/audit/initiate/extended/i18n/i18n_hu.properties",
			"locale": "hu",
			"raw": "i18n/i18n.properties"
		},
		{
			"name": "i18n/i18n_iw.properties",
			"module": "sap/grc/acs/aud/audit/initiate/extended/i18n/i18n_iw.properties",
			"locale": "iw",
			"raw": "i18n/i18n.properties"
		},
		{
			"name": "i18n/i18n_ja.properties",
			"module": "sap/grc/acs/aud/audit/initiate/extended/i18n/i18n_ja.properties",
			"locale": "ja",
			"raw": "i18n/i18n.properties"
		},
		{
			"name": "i18n/i18n_ko.properties",
			"module": "sap/grc/acs/aud/audit/initiate/extended/i18n/i18n_ko.properties",
			"locale": "ko",
			"raw": "i18n/i18n.properties"
		},
		{
			"name": "i18n/i18n_nl.properties",
			"module": "sap/grc/acs/aud/audit/initiate/extended/i18n/i18n_nl.properties",
			"locale": "nl",
			"raw": "i18n/i18n.properties"
		},
		{
			"name": "i18n/i18n_pl.properties",
			"module": "sap/grc/acs/aud/audit/initiate/extended/i18n/i18n_pl.properties",
			"locale": "pl",
			"raw": "i18n/i18n.properties"
		},
		{
			"name": "i18n/i18n_pt.properties",
			"module": "sap/grc/acs/aud/audit/initiate/extended/i18n/i18n_pt.properties",
			"locale": "pt",
			"raw": "i18n/i18n.properties"
		},
		{
			"name": "i18n/i18n_ro.properties",
			"module": "sap/grc/acs/aud/audit/initiate/extended/i18n/i18n_ro.properties",
			"locale": "ro",
			"raw": "i18n/i18n.properties"
		},
		{
			"name": "i18n/i18n_ru.properties",
			"module": "sap/grc/acs/aud/audit/initiate/extended/i18n/i18n_ru.properties",
			"locale": "ru",
			"raw": "i18n/i18n.properties"
		},
		{
			"name": "i18n/i18n_sl.properties",
			"module": "sap/grc/acs/aud/audit/initiate/extended/i18n/i18n_sl.properties",
			"locale": "sl",
			"raw": "i18n/i18n.properties"
		},
		{
			"name": "i18n/i18n_tr.properties",
			"module": "sap/grc/acs/aud/audit/initiate/extended/i18n/i18n_tr.properties",
			"locale": "tr",
			"raw": "i18n/i18n.properties"
		},
		{
			"name": "i18n/i18n_uk.properties",
			"module": "sap/grc/acs/aud/audit/initiate/extended/i18n/i18n_uk.properties",
			"locale": "uk",
			"raw": "i18n/i18n.properties"
		},
		{
			"name": "i18n/i18n_zh_CN.properties",
			"module": "sap/grc/acs/aud/audit/initiate/extended/i18n/i18n_zh_CN.properties",
			"locale": "zh_CN",
			"raw": "i18n/i18n.properties"
		},
		
		{
      "name": "view/Object.view.xml",
      "module": "sap/grc/acs/aud/audit/initiate/extended/view/Object.view.xml"
    },
    
     {
      "name": "Controller/ObjectExtended.controller.js",
      "module": "sap/grc/acs/aud/audit/initiate/extended/controller/ObjectExtended.controller.js"
    },    
            
    { "name": "Controller/Worklist.controller.js",
      "module": "sap/grc/acs/aud/audit/initiate/extended/controller/Worklist.controller.js"
    },
         
    
      {
      "name": "view/Worklist.view.xml",
      "module": "sap/grc/acs/aud/audit/initiate/extended/view/Worklist.view.xml"
    },    
    
    {
      "name": "view/GeneralCustom.view.xml",
      "module": "sap/grc/acs/aud/audit/initiate/extended/view/GeneralCustom.view.xml"
    },
    
    {
      "name": "block/generalCustom.controller.js",
      "module": "sap/grc/acs/aud/audit/initiate/extended/block/GeneralCustom.controller.js"
    },  
    
    { "name": "Controller/General.js",
      "module": "sap/grc/acs/aud/audit/initiate/extended/block/controller/General.js"
    },
    {
      "name": "view/Create.view.xml",
      "module": "sap/grc/acs/aud/audit/initiate/extended/view/Create.view.xml"
    },
    
    { "name": "Controller/create.controller.js",
      "module": "sap/grc/acs/aud/audit/initiate/extended/controller/Create.controller.js"
    },
     { "name": "util/encodingUtils.js",
      "module": "sap/grc/acs/aud/audit/initiate/extended/block/util/encodingUtils.js"
    },
    { "name": "util/Enhancements.js",
      "module": "sap/grc/acs/aud/audit/initiate/extended/block/util/Enhancements.js"
    },
    { "name": "model/oDataGeneratorList.js",
      "module": "sap/grc/acs/aud/audit/initiate/extended/block/model/oDataGeneratorList.js"
    },
    { "name": "util/listsUtils",
      "module": "sap/grc/acs/aud/audit/initiate/extended/block/util/listsUtils.js"
    },
    { "name": "searchComponent/SearchComponent.controller.js",
      "module": "sap/grc/acs/aud/audit/initiate/extended/block/searchComponent/SearchComponent.controller.js"
    },  
      
  
     	
		{
			"name": "localService/metadata.xml"
		},
		{
			"name": "manifest.json",
			"module": "sap/grc/acs/aud/audit/initiate/extended/manifest.json"
		},
		{
			"name": "resources.json"
		},
		{
			"name": "version.json"
		}
	]
}