﻿{
    "results" : [
        {
            "id":"1",
            "InfoActionsSet":{
                "results":[
                    {
                        "ActionKey":"qkyNd1ECTHC0z6r8MUoCg",
                        "AudGroup":"01593P",
                        "AuditStatus":"18",
                        "Autho":"false",
                        "DateRepIssued":"2023-01-24T15:58:00",
                        "DeadLine":"20220816",
                        "DepartementName":"01593-IT e Banca Digital",
                        "FindingId":"2022-0011_F01",
                        "FindingTitle":"Obs.1",
                        "Fullname":"Cesar Ortiz Lopez",
                        "GroupText":"01593 - Procesos",
                        "Id":"2022-0011_F01-A01",
                        "InfoActionDetail":"",
                        "Nilestone":"PA1",
                        "NameOrg":"0000100001 SORE IGUALADA",
                        "Overdue":"false",
                        "ProDeadline":"20220816",
                        "ProStatus":"01",
                        "ProStatusDescr":"",
                        "Ranking":"1",
                        "RankingDescr":"Crítico",
                        "Recommendation":"Obs.1",
                        "Status":"01",
                        "StatusDescr":"Planificado",
                        "Title":"PA1",
                        "UserId":"U0184284",
                        "Validated":"05",
                        "ValidatedDescr":"Pendiente Auditado",
                        "Verified":"",
                        "ZzanOrg":"0000100001",
                        "ZzDeparment":"01593",
                        "ZzOrigen":"",
                        "ZzReportId":"AA222",
                        "ZzReportTitle":"Informe AA222",
                        "ZzViewAudited":"false",
                        "ZzViewAuditor":"true"
                        
                        
                    }
                ]
            }
        }
    ]
}
