﻿{
    "SiteCollection" : {
        "results" : [
            {
                "CustomField1":"",
                "ICampo" : "",
                "CustomField2" : "",
                "Ifiltro":"",
                "Campo": "des-01",
                "Descripcion" : "Descripcion 1"
            },
            {
                "CustomField1":"",
                "ICampo" : "",
                "CustomField2" : "",
                "Ifiltro":"",
                "Campo": "des-02",
                "Descripcion" : "Descripcion 2"
            },
            {
                "CustomField1":"",
                "ICampo" : "",
                "CustomField2" : "",
                "Ifiltro":"",
                "Campo": "des-03",
                "Descripcion" : "Descripcion 3"
            }
        ]
    },
    "FinanciacionCuotasCollecion" : {
        "results" : [
            {
                "CustomField1":"",
                "ICampo" : "",
                "CustomField2" : "",
                "Ifiltro":"",
                "Campo": "tf-01",
                "Descripcion" : "Cuota 1"
            },
            {
                "CustomField1":"",
                "ICampo" : "",
                "CustomField2" : "",
                "Ifiltro":"",
                "Campo": "tf-02",
                "Descripcion" : "Cuota 2"
            },
            {
                "CustomField1":"",
                "ICampo" : "",
                "CustomField2" : "",
                "Ifiltro":"",
                "Campo": "tf-03",
                "Descripcion" : "Cuota 3"
            }
        ]
    },
    "PlazoCollection" : {
        "results" : [
            {
                "CustomField1":"",
                "ICampo" : "",
                "CustomField2" : "",
                "Ifiltro":"",
                "Campo": "pz-01",
                "Descripcion" : "Plazo 1"
            },
            {
                "CustomField1":"",
                "ICampo" : "",
                "CustomField2" : "",
                "Ifiltro":"",
                "Campo": "pz-02",
                "Descripcion" : "Plazo 2"
            },
            {
                "CustomField1":"",
                "ICampo" : "",
                "CustomField2" : "",
                "Ifiltro":"",
                "Campo": "pz-03",
                "Descripcion" : "Plazo 3"
            }
        ]
    },
    "TipoArticuloCollection" : {
        "results" : [
            {
                "CustomField1":"",
                "ICampo" : "",
                "CustomField2" : "",
                "Ifiltro":"",
                "Campo": "tp-01",
                "Descripcion" : "Tipo Articulo 1"
            },
            {
                "CustomField1":"",
                "ICampo" : "",
                "CustomField2" : "",
                "Ifiltro":"",
                "Campo": "tp-02",
                "Descripcion" : "Tipo Articulo 2"
            },
            {
                "CustomField1":"",
                "ICampo" : "",
                "CustomField2" : "",
                "Ifiltro":"",
                "Campo": "tp-03",
                "Descripcion" : "Tipo Articulo 3"
            }
        ]
   },
   "TamanioCollection" : {
        "results" : [
            {
                "CustomField1":"",
                "ICampo" : "",
                "CustomField2" : "",
                "Ifiltro":"",
                "Campo": "tm-01",
                "Descripcion" : "Tamanio 1"
            },
            {
                "CustomField1":"",
                "ICampo" : "",
                "CustomField2" : "",
                "Ifiltro":"",
                "Campo": "tm-02",
                "Descripcion" : "Tamanio 2"
            },
            {
                "CustomField1":"",
                "ICampo" : "",
                "CustomField2" : "",
                "Ifiltro":"",
                "Campo": "tm-03",
                "Descripcion" : "Tamanio 3"
            }
        ]
    },
    "RegionCollection" : {
        "results" : [
            {
                "CustomField1":"",
                "ICampo" : "",
                "CustomField2" : "",
                "Ifiltro":"",
                "Campo": "rg-01",
                "Descripcion" : "Region 1"
            },
            {
                "CustomField1":"",
                "ICampo" : "",
                "CustomField2" : "",
                "Ifiltro":"",
                "Campo": "rg-02",
                "Descripcion" : "Region 2"
            },
            {
                "CustomField1":"",
                "ICampo" : "",
                "CustomField2" : "",
                "Ifiltro":"",
                "Campo": "rg-03",
                "Descripcion" : "Region 3"
            }
        ]
    },
    "RangoCollection" : {
        "results" : [
            {
                "CustomField1":"",
                "ICampo" : "",
                "CustomField2" : "",
                "Ifiltro":"",
                "Campo": "ra-01",
                "Descripcion" : "Rango 1"
            },
            {
                "CustomField1":"",
                "ICampo" : "",
                "CustomField2" : "",
                "Ifiltro":"",
                "Campo": "ra-02",
                "Descripcion" : "Rango 2"
            },
            {
                "CustomField1":"",
                "ICampo" : "",
                "CustomField2" : "",
                "Ifiltro":"",
                "Campo": "ra-03",
                "Descripcion" : "Rango 3"
            }
        ]
    }
}
