<core:FragmentDefinition
	xmlns:t="sap.ui.table" 
	xmlns:u="sap.ui.unified" 
	xmlns:mvc="sap.ui.core.mvc"
	xmlns:app="http://schemas.sap.com/sapui5/extension/sap.ui.core.CustomData/1"
	xmlns="sap.m" 
	xmlns:l="sap.ui.layout"
	xmlns:core="sap.ui.core"
	xmlns:f="sap.ui.layout.form">

	<Dialog
		type="Standard"
		state="None"
		draggable="true"
		contentWidth="30%"
		title="{i18n>titCrearLimitacion}">
        <content>   
        	<f:SimpleForm 
        		id="formLimitacion"
				layout="ResponsiveGridLayout"
				title=""
				labelSpanXL="12"
				labelSpanL="12"
				labelSpanM="12"
				labelSpanS="12"
				adjustLabelSpan="true"
				emptySpanXL="0"
				emptySpanL="0"
				emptySpanM="0"
				emptySpanS="0"
				singleContainerFullSize="false" >
				<f:content>					
					<Label text="{i18n>txtLimitacion}" required="{modelObligatorios>/requireLimitacion}"/>
					<TextArea app:Id="txaLimitacion" value="{modelAddLimitacion>/limitation}" growing="true" growingMaxLines="3" rows="3" change="onChangeValidate" liveChange="onChangeValidate" app:ValidateVoid="{modelObligatorios>/requireLimitacion}" />
					
					<Label text="{i18n>txtDescripcion}" required="{modelObligatorios>/requireDescripcion}"/>
					<TextArea app:Id="txaDescripcion" value="{modelAddLimitacion>/description}" growing="true" growingMaxLines="3" rows="3" change="onChangeValidate" liveChange="onChangeValidate" app:ValidateVoid="{modelObligatorios>/requireDescripcion}"/>
					
					<Label text="{i18n>txtEstado}" required="{modelObligatorios>/requireEstado}"/>
					<Select app:Id="selEstado" items="{modelEstados>/results}" selectedKey="{modelAddLimitacion>/status}" forceSelection="false" change="onChangeValidate" app:ValidateVoid="{modelObligatorios>/requireEstado}">
						<core:Item key="{modelEstados>AuditStatus}" text="{modelEstados>AuditStatusText}" />
					</Select>
					
					<Label text="{i18n>txtObligaciones}" required="{modelObligatorios>/requireObligaciones}"/>
					<TextArea app:Id="txaObligaciones" value="{modelAddLimitacion>/vinc_obligations}"  growing="true" growingMaxLines="3" rows="3" change="onChangeValidate" liveChange="onChangeValidate" app:ValidateVoid="{modelObligatorios>/requireObligaciones}"/>
					
					<Label text="{i18n>txtFechaInicio}" required="{modelObligatorios>/requireFechaInicio}"/>
					<DatePicker app:Id="datFechaInicio" value="{modelAddLimitacion>/init_date}" valueFormat="yyyy-MM-ddTHH:MM:SS" displayFormat="dd.MM.yyyy" change="onChangeFecha" app:ValidateVoid="{modelObligatorios>/requireFechaInicio}" app:FecIni="datFechaInicio" app:FecFin="datFechaFin" app:Container="formLimitacion"/>
					
					<Label text="{i18n>txtFechaFin}"  labelFor="datFechaFin" required="{modelObligatorios>/requireFechaFin}"/>
					<DatePicker app:Id="datFechaFin" value="{modelAddLimitacion>/fin_date}" valueFormat="yyyy-MM-ddTHH:MM:SS" displayFormat="dd.MM.yyyy" change="onChangeFecha" app:ValidateVoid="{modelObligatorios>/requireFechaFin}" app:FecIni="datFechaInicio" app:FecFin="datFechaFin" app:Container="formLimitacion"/>
				</f:content>
			</f:SimpleForm>
        </content>
        <beginButton>
        	<Button text="{i18n>txtOK}"  press=".onCreateLimitacion"/>
        </beginButton>
        <endButton>
        	<Button text="{i18n>txtCancelar}"  press=".onCloseDialog"/>
        </endButton>
    </Dialog>

</core:FragmentDefinition>