<!--

    Copyright (C) 2009-2020 SAP SE or an SAP affiliate company. All rights reserved.

-->
<core:FragmentDefinition xmlns:core="sap.ui.core" xmlns:mvc="sap.ui.core.mvc" xmlns="sap.m"
	id="sap.grc.acs.aud.audit.initiate.extended.block.fragment.toBeAddFindRel" controllerName="sap.grc.acs.aud.audit.initiate.extended.block.FindRel"
	xmlns:smartTable="sap.ui.comp.smarttable" xmlns:html="http://www.w3.org/1999/xhtml">
	<smartTable:SmartTable id="toBeAddFindRelSmartTable" smartFilterId="smartFilterBar" tableType="ResponsiveTable"
		useExportToExcel="false" useVariantManagement="false" useTablePersonalisation="true" showRowCount="true"
		persistencyKey="SmartTableAnalytical_addFindRel" enableAutoBinding="true" 		class="sapUiResponsiveContentPadding" demandPopin="true" 		
		initiallyVisibleFields="ID,Sequence,Title,TypeText,CategoryText,RankingText,StatusText,ActionCount,OrgID"
		requestAtLeastFields="DBKey,OrgKey,ID,Sequence,Title,TypeText,CategoryText,RankingText,Status,StatusText,ActionCount,OrgID,OrgName,ImportedOrg,OrgTimestamp"
		ignoreFromPersonalisation="DBKey,AuditGroup,AuditKey,OrgKey,OrgTimestamp,ImportedOrg,AuditTitle,Type,Status,Recommendation,Description,Criteria,CauseDescription,ConditionDescription,ConsequenceDescription,Category,Tags,CreatedBy,LastChangedBy">
				<smartTable:customToolbar id="customerToolBar">
			<Toolbar>
				<Title text="{i18n>labelAccessibility}" visible="false"></Title>
			</Toolbar>
		</smartTable:customToolbar>
		<Table id="toBeAddFindRel" mode="MultiSelect" ariaLabelledBy="findhiddenText1" updateFinished="onUpdateFinished" items="{/FindingsData}">
			<columns> 
				<Column hAlign="Left">
					<customData>
						<core:CustomData key="p13nData" value='\{"columnKey": "ID","sortProperty": "ID", "filterProperty": "ID","columnIndex":"0"}'/>
					</customData>
					<Text text="{i18n>findcolID}"/>
				</Column>
				<Column id="colSequence" hAlign="Left" visible="true">
					<customData>
						<core:CustomData key="p13nData"
							value='\{"columnKey": "Sequence","sortProperty": "Sequence", "filterProperty": "Sequence","columnIndex":"1"}'/>
					</customData>
					<Text text="{i18n>findcolSequence}" id="colSequenceText"/>
				</Column>
				<Column hAlign="Left">
					<customData>
						<core:CustomData key="p13nData" value='\{"columnKey": "Title","sortProperty": "Title", "filterProperty": "Title","columnIndex":"2"}'/>
					</customData>
					<Text text="{i18n>findcolTitle}"/>
				</Column>
				<Column hAlign="Left">
					<customData>
						<core:CustomData key="p13nData"
							value='\{"columnKey": "TypeText","sortProperty": "TypeText", "filterProperty": "TypeText", "columnIndex":"3"}'/>
					</customData>
					<Text text="{i18n>findcolType}"/>
				</Column>				
				<Column hAlign="Left">
					<customData>
						<core:CustomData key="p13nData"
							value='\{"columnKey": "RankingText","sortProperty": "RankingText", "filterProperty": "RankingText","columnIndex":"5"}'/>
					</customData>
					<Text text="{i18n>findcolRanking}"/>
				</Column>				
				
			</columns>
			<items>
				<ColumnListItem>
					<cells>
						<ObjectIdentifier text="{Id}"/>
						<Input maxLength="5" editable="false" enable="false" value="{Seq}" liveChange="onKeyPressValidation" change="onUnfocusValidation"
							ariaLabelledBy="colSequenceText"/>
						<Text text="{Title}"/>
						<Text text="{TypeDescr}"/>						
						<Text text="{RankingDescr}"/>											
					</cells>
				</ColumnListItem>
			</items>
		</Table>
	</smartTable:SmartTable>
</core:FragmentDefinition>

